{
    "meta_info": {
        "arquivo_base": "PNADC_022025.Rdata",
        "modelo": "Heckman Brasil (Universal - Sem filtro de idade)",
        "R2": 0.3503,
        "N_obs": 206946,
        "sigma_log": 0.6699
    },
    "coeficientes": {
        "Anos_Estudo": 0.09116016985649229,
        "Experiencia": 0.02102463354880342,
        "Experiencia_2": -0.00017526202307583915,
        "d_mulher": -0.21956170717233378,
        "d_preto_pardo": -0.14629235268598442,
        "IMR": -0.03133484935787303,
        "UF_12": -0.20180242937550852,
        "UF_13": -0.29241960962856417,
        "UF_14": -0.18472996754995888,
        "UF_15": -0.24392090934907176,
        "UF_16": -0.11126213406743304,
        "UF_17": -0.08239384087830232,
        "UF_21": -0.34326044705239683,
        "UF_22": -0.32843179270769224,
        "UF_23": -0.383749693252667,
        "UF_24": -0.30484145958833175,
        "UF_25": -0.36427795240394406,
        "UF_26": -0.33396679110239474,
        "UF_27": -0.2730221379789118,
        "UF_28": -0.2456223446967564,
        "UF_29": -0.3310829662550063,
        "UF_31": -0.06125885207480872,
        "UF_32": -0.012570025105715024,
        "UF_33": -0.0781120108619665,
        "UF_35": 0.005401655826378117,
        "UF_41": 0.05223363219827965,
        "UF_42": 0.11950434242790561,
        "UF_43": -0.013083880037103425,
        "UF_50": 0.04965215749912352,
        "UF_51": 0.10685296578409155,
        "UF_52": -0.00012905890440271988,
        "UF_53": 0.13469539274276715,
        "setor_2": 0.14632424768707686,
        "setor_3": 0.15100071172129464,
        "setor_4": 0.05471297604046822,
        "setor_5": 0.12114131623847578,
        "setor_6": 0.02486385516542345,
        "setor_7": 0.33236833488884954,
        "setor_8": 0.5731688174671035,
        "setor_9": 0.40999526433502964,
        "setor_10": 0.1484794630743862,
        "setor_11": 0.012767079677261895,
        "setor_12": 0.06116129073482064,
        "const": 1.2950432697913816
    },
    "instrucoes_dev": {
        "formula": "salario_previsto = exp(const + (Coefs * Inputs))",
        "intervalo": "exp(ln_salario \u00b1 1.96 * sigma_log)",
        "logica_uf": "Iterar sobre lista de UFs. Se user.UF == 35, soma coef_UF_35. Se user.UF == 11 (Base), soma 0.",
        "logica_setor": "Se user.setor == 1 (Base), soma 0."
    }
}